Workbook

Sheet 立展
A1: Code | B1: product_name | C1: 大分類 | D1: 中分類 | E1: 小分類
A2: 0023000003 | B2: JM iPhSE 自動修復殼 透亮 | C2: 3rd Party | D2: iOS | E2: iPhone Case
A3: 0023000004 | B3: JM iPhSE 自動修復殼 霧白 | C3: 3rd Party | D3: iOS | E3: iPhone Case
A4: 0023000005 | B4: JM iPhSE 玻璃貼 | C4: 3rd Party | D4: 保護貼 | E4: iPhone 保貼
A5: 0023000006 | B5: JM iPhSE 自動修復保貼 | C5: 3rd Party | D5: 保護貼 | E5: iPhone 保貼
A6: 0023000007 | B6: Griffin 通用型腰掛式運動保護套 | C6: 3rd Party | D6: iOS | E6: iPhone Case
A7: 0023000008 | B7: Griffin Lightning傳輸線 1.5M金 | C7: 3rd Party | D7: 帶電類 | E7: Lightning
A8: 0023000009 | B8: Griffin Lightning傳輸線 1.5M灰 | C8: 3rd Party | D8: 帶電類 | E8: Lightning
A9: 0023000010 | B9: JM iPad Pro自動修復保貼 | C9: 3rd Party | D9: 保護貼 | E9: iPad 保貼
A10: 0023000011 | B10: JM AluPen Digital觸控筆 | C10: 3rd Party | D10: 行動電源&觸控筆 | E10: 觸控筆
A11: 0023000012 | B11: Ozaki Jelly iPhSE 霧白 | C11: 3rd Party | D11: iOS | E11: iPhone Case
A12: 0023000013 | B12: Ozaki iPad Pro保護套 黑 | C12: 3rd Party | D12: iOS | E12: iPad Case
... A29606: 0013033253 | B29606: Mac Studio M5M 36 2TB Z1U4 | C29606: CPU | D29606: MAC STUDIO | E29606: Mac Studio M5M 2TB

Sheet cc
A1: Code | B1: product_name | C1: 大分類 | D1: 中分類 | E1: 小分類
A2: 0024339513 | B2: @@ Apple Care for iMac (Apple) | C2: Care | D2: =VLOOKUP(A:A,[1]立展!$A:$D,4,0) -> CPU ACPP+ | E2: iMac ACPP
A3: 0024502483 | B3: @@ Apple Care for iBook/macboo | C3: Care | D3: =VLOOKUP(A:A,[1]立展!$A:$D,4,0) -> CPU ACPP+ | E3: MacBook 13" ACPP
A4: 0024622012 | B4: Apple Care for iMac/eMac | C4: Care | D4: =VLOOKUP(A:A,[1]立展!$A:$D,4,0) -> CPU ACPP+ | E4: iMac ACPP
A5: 0024623818 | B5: Apple Care for MacBook/iBook | C5: Care | D5: =VLOOKUP(A:A,[1]立展!$A:$D,4,0) -> CPU ACPP+ | E5: MacBook 13" ACPP
A6: 0024623819 | B6: Apple Care for MacBook Pro | C6: Care | D6: =VLOOKUP(A:A,[1]立展!$A:$D,4,0) -> CPU ACPP+ | E6: MacBook 15" ACPP
A7: 0024623820 | B7: @@ Apple Care for Mac Mini | C7: Care | D7: =VLOOKUP(A:A,[1]立展!$A:$D,4,0) -> CPU ACPP+ | E7: Mac Mini ACPP
A8: 0024699724 | B8: @@ Apple Care for MAC PRO | C8: Care | D8: =VLOOKUP(A:A,[1]立展!$A:$D,4,0) -> CPU ACPP+ | E8: Mac Pro ACPP
A9: 0024740865 | B9: @@ Apple Care for Mac Mini | C9: Care | D9: =VLOOKUP(A:A,[1]立展!$A:$D,4,0) -> CPU ACPP+ | E9: Mac Mini ACPP
A10: 0024740866 | B10: @@ Apple Care for MacBook Pro | C10: Care | D10: =VLOOKUP(A:A,[1]立展!$A:$D,4,0) -> CPU ACPP+ | E10: MacBook 15" ACPP
A11: 0024740867 | B11: Apple Care for Mac Pro MC256 | C11: Care | D11: =VLOOKUP(A:A,[1]立展!$A:$D,4,0) -> CPU ACPP+ | E11: Mac Pro ACPP
A12: 0024740868 | B12: Apple Care for Apple Display | C12: Care | D12: =VLOOKUP(A:A,[1]立展!$A:$D,4,0) -> CPU ACPP+ | E12: Display ACPP
A13: 0024740872 | B13: Apple Care for iMac MC257 | C13: Care | D13: =VLOOKUP(A:A,[1]立展!$A:$D,4,0) -> CPU ACPP+ | E13: iMac ACPP
... A252: 0013031368 | B252: [i]Care MBN 13 三年期_4250 | C252: Care | D252: =VLOOKUP(A:A,[1]立展!$A:$D,4,0) -> CPU iCPP | E252: [i]Care MBN 13 三年期_4250
A253: 0013031691 | B253: AC+ Mac mini (M6/M5 Pro) SG9Y3 | C253: Care | D253: CPU ACPP+ | E253: Mac mini ACPP+
A254: 0013031692 | B254: AC+ Mac Studio (M5M/M5U) SGC53 | C254: Care | D254: CPU ACPP+ | E254: Mac Studio ACPP+
A255: 0013032631 | B255: AC+ for AW Series 12 SH0G3 | C255: Care | D255: AW ACPP+ | E255: AW S12 ACPP+
A256: 0013032632 | B256: AC+ for AWUltra 4 SH1E3 | C256: Care | D256: AW ACPP+ | E256: AW Ultra 4 ACPP+
A257: 0013032633 | B257: AC+ for iPhone 18 Pro SHHL3 | C257: Care | D257: iPhone ACPP+ | E257: iPhone 18 Pro ACPP+
A258: 0013032634 | B258: AC+ for iPhone 18 PM SHJ83 | C258: Care | D258: iPhone ACPP+ | E258: iPhone 18 PM ACPP+
A259: 0013032635 | B259: AC+ for iPhone Duo SHJX3 | C259: Care | D259: iPhone ACPP+ | E259: iPhone Duo ACPP+
A260: 0013033139 | B260: AC+ for Apple TV (4代) SJ2C3 | C260: Care | D260: ACPP+ | E260: Apple TV ACPP+
